Country/Territory,Rating,Outlook,Date
Argentina,CCC,Stable,3 October 2024
Australia,AA+,Stable,3 October 2024
Bangladesh,CCC+,Stable,3 October 2024
Botswana,BBB+,Stable,3 October 2024
Brazil,BB+,Stable,3 October 2024
Canada,AA+,Stable,3 October 2024
Chile,A−,Stable,3 October 2024
China,A,Stable,3 October 2024
Colombia,BB+,Stable,3 October 2024
Ecuador,B−,Stable,3 October 2024
Egypt,B−,Stable,3 October 2024
Ethiopia,D,Stable,3 October 2024
France,AA−,Negative,5 December 2024
Germany,AAA,Stable,30 December 2024
Greece,BB+,Stable,3 February 2025
India,BBB+,Stable,7 February 2025
Indonesia,BBB,Stable,3 October 2024
Italy,BBB,Stable,3 October 2024
Japan,AA−,Stable,5 February 2025
Korea,AA−,Stable,12 December 2024
Malaysia,A−,Stable,29 November 2024
Mauritius,BBB,Stable,31 January 2025
Mexico,BBB−,Stable,3 October 2024
Morocco,BBB−,Stable,3 October 2024
Netherlands,AAA,Stable,3 October 2024
Nigeria,B,Stable,3 October 2024
Peru,BBB−,Stable,3 October 2024
Philippines,BBB+,Stable,3 October 2024
Portugal,A+,Stable,3 February 2025
Singapore,AAA,Stable,29 November 2024
South Africa,BB,Stable,3 October 2024
Spain,A,Stable,3 October 2024
Sweden,AAA,Stable,30 December 2024
Thailand,A−,Stable,3 February 2025
Turkiye,B+,Stable,3 October 2024
UAE,AA−,Stable,3 October 2024
United Kingdom,AA−,Stable,3 October 2024
United States,AA+,Stable,3 October 2024
Vietnam,BB+,Stable,3 October 2024
