Country/Territory,Rating,Outlook,Date
Austria,AAg,Stable,29 December 2023
Bangladesh,BB−g,Stable,29 December 2023
Belgium,A+g,Stable,29 December 2023
Bulgaria,BBB+g,Stable,29 December 2023
Cambodia,Bg,Stable,29 December 2023
Canada,AA+g,Stable,13 September 2023
China,AA+g,Stable,29 December 2023
Egypt,BB−g,Stable,15 November 2023
Estonia,A+g,Stable,29 December 2023
France,AAg,Stable,16 November 2023
Greece,BB+g,Stable,26 October 2023
Ireland,A+g,Stable,29 December 2023
Israel,A+g,Stable,26 October 2023
Italy,BBBg,Stable,29 December 2023
Korea,AA+g,Stable,13 September 2023
Mexico,BBBg,Stable,29 December 2023
Mongolia,B+g,Stable,29 December 2023
Netherlands,AA+g,Stable,29 December 2023
Pakistan,CCCg,Stable,13 September 2023
Romania,BBBg,Stable,29 December 2023
Saudi Arabia,AAg,Stable,13 September 2023
Singapore,AAAg,Stable,6 November 2023
Slovenia,Ag,Stable,29 December 2023
South Africa,BBg,Stable,29 December 2023
Spain,BBBg,Stable,13 September 2023
Switzerland,AAAg,Stable,29 December 2023
Thailand,A−g,Stable,29 December 2023
United Arab Emirates,Ag,Stable,29 December 2023
USA,AA+g,Stable,25 May 2023
Vietnam,BBg,Stable,13 September 2023
