Country,Rating,Outlook,Date
Argentina,CCC,Stable,3 March 2023
Australia,AAA,Stable,20 January 2023
Austria,AAA,Stable,14 July 2023
Belgium,AA,Stable,4 August 2023
Brazil,BB,Stable,28 July 2023
Bulgaria,BBB(high),Stable,2 May 2025
Canada,AAA,Stable,8 September 2023
China,A,Stable,9 November 2023
Colombia,BBB(low),Stable,26 June 2023
Croatia,A,Stable,25 April 2025
Cyprus,A(low),Positive,21 March 2025
Denmark,AAA,Stable,17 November 2023
Estonia,AA(low),Stable,21 July 2023
European Union,AAA,Stable,25 May 2025
Finland,AA(high),Stable,22 September 2023
France,AA(high),Stable,22 September 2023
Germany,AAA,Stable,1 December 2023
Greece,BBB,Stable,7 March 2025
India,BBB,Stable,10 May 2025
Ireland,AA(low),Stable,3 November 2023
Italy,BBB(high),Stable,27 October 2023
Japan,A(high),Stable,19 November 2023
Latvia,A,Stable,15 September 2023
Lithuania,A(high),Stable,17 November 2023
Luxembourg,AAA,Stable,10 November 2023
Malta,A(high),Stable,13 October 2023
Mexico,BBB,Stable,8 May 2023
Netherlands,AAA,Stable,15 September 2023
Norway,AAA,Stable,29 September 2023
Poland,A,Stable,10 November 2023
Portugal,A,Stable,21 July 2023
San Marino,BBB(low),Stable,1 December 2023
Singapore,AAA,Stable,24 August 2023
Slovakia,A,Stable,25 August 2023
Slovenia,A(high),Stable,8 December 2023
Spain,A,Stable,1 December 2023
Sweden,AAA,Stable,4 August 2023
Switzerland,AAA,Stable,21 July 2023
Turkey,BB(high),Negative,17 February 2017
United Kingdom,AA,Stable,17 November 2023
United States,AAA,Stable,10 October 2023
Uruguay,BBB,Stable,20 November 2023
