Country/Territory,Rating,Outlook,Date,Ref.
Andorra,A−,Stable,8 July 2022,[98]
Angola,B−,Stable,23 June 2023,[99]
Argentina,CCC+,,12 May 2025,[100]
Armenia,BB−,Stable,28 July 2023,[101]
Aruba,BBB−,Positive,11 March 2025,[102]
Australia,AAA,Stable,13 October 2021,[103]
Austria,AA,Stable,6 June 2025,[104]
Azerbaijan,BBB−,Stable,26 July 2024,[105]
Bahamas,BB−,Stable,09 April 2025,[106]
Bahrain,B+,Negative,24 February 2025,[107]
Bangladesh,B+,Stable,27 May 2024,[108]
Barbados,B+,Stable,15 October 2024,[109]
Belarus,WD,Ratings withdrawn,6 October 2023,[110]
Belgium,A+,Stable,13 June 2025,[111]
Benin,B+,Stable,8 March 2019,[112]
Bolivia,CCC,,6 February 2024,[113]
Brazil,BB,Stable,26 July 2023,[114]
Bulgaria,BBB+,Stable,10 July 2025,[115]
Cabo Verde,B,Stable,21 May 2024,[116]
Cameroon,B,Negative,17 November 2023,[117]
Canada,AA+,Stable,24 June 2020,[118]
Chile,A−,Stable,15 October 2020,[119]
China,A,Stable,3 April 2025,[120]
Colombia,BB+,Stable,1 July 2021,[121]
Costa Rica,BB,Stable,28 Feb 2024,[122]
Côte d'Ivoire,BB−,Stable,19 July 2021,[123]
Croatia,A−,Stable,20 September 2024,[124]
Cyprus,A−,Stable,6 December 2024,[125]
Czechia,AA−,Stable,23 February 2024,[126]
Denmark,AAA,Stable,10 November 2003,[127]
Dominican Republic,BB−,Positive,29 November 2023,[128]
Ecuador,CCC+,,16 August 2023,[129]
Egypt,B,Stable,1 November 2024,[130]
El Salvador,B−,Stable,7 January 2025,[131]
Estonia,A+,Stable,28 July 2023,[132]
Ethiopia,RD,,27 December 2023,[133]
European Union,AAA,Stable,6 May 1999,[134]
Finland,AA,Stable,25 July 2025,[135]
France,A+,Stable,12 September 2025,[136]
Gabon,CCC,,24 January 2025,[137]
Georgia,BB,Stable,21 June 2024,[138]
Germany,AAA,Stable,10 August 1994,[139]
Ghana,B−,Stable,16 June 2025,[140]
Greece,BBB−,Positive,16 May 2025,[141]
Guatemala,BB,Positive,7 February 2025,[142]
Honduras,B,Stable,30 August 2023,[143]
Hong Kong,AA−,Stable,20 April 2020,[144]
Hungary,BBB,Negative,20 January 2023,[145]
Iceland,A,Positive,8 August 2025,[146]
India,BBB−,Stable,10 June 2022,[147]
Indonesia,BBB,Stable,20 December 2017,[148]
Iraq,B−,Stable,24 March 2021,[149]
Ireland,AA,Stable,31 May 2024,[150]
Israel,A,Negative,12 August 2024,[151]
Italy,BBB+,Stable,19 September 2025,[152]
Jamaica,BB−,Positive,5 March 2024,[153]
Japan,A,Stable,25 March 2022,[154]
Jordan,BB−,Stable,7 December 2021,[155]
Kazakhstan,BBB,Stable,29 April 2016,[156]
Kenya,B−,Stable,2 August 2024,[157]
Kosovo,BB−,Stable,19 April 2024,[158]
Kuwait,AA−,Stable,27 January 2022,[159]
Kyrgyzstan,B,Stable,24 April 2025,[160]
Laos,WD,Ratings withdrawn,10 October 2022,[161]
Latvia,A−,Positive,28 July 2023,[162]
Lebanon,WD,Ratings withdrawn,23 July 2023,[163]
Lesotho,B,Stable,22 July 2022,[164]
Lithuania,A,Stable,31 January 2020,[165]
Luxembourg,AAA,Stable,10 August 1994,[166]
Macao,AA,Stable,15 April 2021,[167]
Malaysia,BBB+,Stable,4 December 2020,[168]
Maldives,CC,,29 August 2024,[169]
Malta,A+,Stable,17 April 2020,[170]
Mexico,BBB−,Stable,15 April 2020,[171]
Moldova,B+,Stable,27 September 2024,[172]
Mongolia,B+,Stable,18 September 2024,[173]
Morocco,BB+,Stable,23 October 2020,[174]
Mozambique,CCC,,7 February 2025,[175]
Namibia,BB−,Stable,24 June 2022,[176]
Nepal,BB−,Stable,21 November 2024,[177]
Netherlands,AAA,Stable,11 July 2014,[178]
New Zealand,AA+,Stable,9 September 2022,[179]
Nicaragua,B,Stable,30 May 2024,[180]
Nigeria,B,Stable,11 April 2025,[181]
North Macedonia,BB+,Stable,14 April 2023,[182]
Norway,AAA,Stable,13 March 1995,[183]
Oman,BB+,Stable,25 September 2023,[184]
Pakistan,B−,Stable,15 April 2025,[185]
Panama,BB+,Stable,28 March 2024,[186]
Paraguay,BB+,Stable,11 December 2018,[187]
Peru,BBB,Negative,20 October 2022,[188]
Philippines,BBB,Stable,22 May 2023,[189]
Poland,A−,Stable,23 August 2013,[190]
Portugal,A,Stable,12 September 2025,[191]
Qatar,AA,Stable,20 March 2024,[192]
"Ras Al Khaimah, UAE",A+,Stable,23 May 2023,[193]
Republic of the Congo,CCC+,,16 September 2022,[194]
Romania,BBB−,Negative,17 December 2024,[195]
Russia,WD,Ratings withdrawn,25 March 2022,[196]
Rwanda,B+,Negative,4 April 2025,[197]
San Marino,BB+,Positive,16 June 2025,[198]
Saudi Arabia,A+,Stable,5 April 2023,[199]
Serbia,BB+,Positive,9 August 2024,[200]
Seychelles,BB,Stable,05 September 2025,[201]
Singapore,AAA,Stable,14 May 2003,[202]
Slovakia,A−,Stable,6 December 2024,[203]
Slovenia,A,Positive,4 April 2025,[204]
South Africa,BB−,Stable,15 December 2021,[205]
South Korea,AA−,Stable,6 September 2012,[206]
Spain,A,Positive,27 September 2025,[207]
Sri Lanka,CCC+,Positive,20 December 2024,[208]
Suriname,WD,Ratings withdrawn,25 January 2022,[209]
Sweden,AAA,Stable,8 March 2004,[210]
Switzerland,AAA,Stable,10 August 1994,[211]
Taiwan,AA,Stable,10 September 2021,[212]
Tanzania,B+,Stable,9 June 2023,[213]
Thailand,BBB+,Stable,17 March 2020,[214]
Tunisia,B−,Stable,12 September 2025,[215]
Turkey,BB−,Stable,6 September 2024,[216]
Turkmenistan,BB−,Stable,2 August 2024,[217]
Uganda,B,Stable,30 August 2024,[218]
Ukraine,RD,,13 August 2024,[219]
United Arab Emirates,AA−,Stable,11 November 2020,[220]
United Kingdom,AA−,Stable,22 March 2024,[221]
United States,AA+,Stable,1 August 2023,[222]
Uruguay,BBB,Stable,7 June 2023,[223]
Uzbekistan,BB,Stable,26 June 2025,[224]
Viet Nam,BB+,Stable,8 December 2023,[225]
Zambia,RD,,18 November 2020,[226]
