Country/Territory,Rating,Outlook,Date
Australia,AAA,Stable,26 April 2023
Belgium,AAA,Stable,2 June 2023
Brazil,BBB−,Stable,20 December 2023
Canada,AAA,Stable,20 December 2023
Chile,AA−,Stable,4 April 2023
China,AA−,Stable,2 November 2023
Czechia,AA−,Stable,30 June 2023
Denmark,AAA,Stable,15 December 2023
Egypt,AA,Stable,8 July 2024
Finland,AAA,Stable,22 February 2023
France,AAA,Stable,6 October 2022
Germany,AAA,Stable,3 August 2023
Hong Kong,AA+,Stable,27 April 2023
Hungary,A−,Stable,18 February 2022
India,BBB+,Stable,27 December 2023
Indonesia,BBB+,Stable,27 July 2022
Italy,A,Stable,16 December 2022
Japan,AAA,Stable,27 December 2023
Malaysia,A+,Stable,12 September 2022
Mexico,A−,Stable,18 August 2023
Netherlands,AAA,Stable,9 June 2023
Norway,AAA,Stable,7 September 2023
Peru,A−,Stable,27 April 2023
Philippines,A−,Stable,10 March 2023
Poland,A,Stable,16 November 2023
Portugal,A,Stable,13 January 2023
Romania,BBB,Stable,27 November 2023
Singapore,AAA,Stable,22 December 2023
Slovakia,A+,Negative,6 October 2022
Slovenia,AA−,Stable,21 September 2022
South Korea,AA,Stable,30 September 2022
Spain,AA,Stable,24 April 2023
Thailand,A,Stable,11 November 2022
Turkey,BB,Stable,10 May 2024
United Kingdom,AAA,Stable,25 January 2023
United States,AAA,Stable,26 June 2023
Uruguay,A−,Stable,22 November 2023
