Country/Territory,Rating,Outlook,Date,Ref.
Angola,B3,Positive,24 October 2023,[228]
Albania,Ba3,Stable,19 October 2024,[229]
Argentina,Caa1,Stable,17 July 2025,[230]
Armenia,Ba3,Stable,22 June 2023,[231]
Australia,Aaa,Stable,28 June 2022,[232]
Austria,Aa1,Stable,24 February 2023,[233]
Azerbaijan,Ba1,Stable,5 August 2022,[234]
Bahamas,B1,Stable,6 October 2022,[235]
Bahrain,B2,Stable,22 April 2022,[236]
Bangladesh,B1,Stable,30 May 2023,[237]
Barbados,B3,Stable,3 August 2023,[238]
Belarus,C,Stable,2 June 2023,[239]
Belgium,Aa3,Stable,28 April 2023,[240]
Belize,Caa2,Stable,16 November 2022,[241]
Benin,B1,Stable,18 September 2023,[242]
Bermuda,A2,Stable,21 June 2022,[243]
Bolivia,Caa1,Negative,30 June 2023,[244]
Bosnia and Herzegovina,B3,Stable,22 July 2022,[245]
Botswana,A3,Stable,27 October 2023,[246]
Brazil,Ba1,Positive,7 October 2024,[247]
Bulgaria,Baa1,Stable,3 February 2023,[248]
Cambodia,B2,Negative,15 November 2022,[249]
Cameroon,Caa1,Stable,27 July 2023,[250]
Canada,Aaa,Stable,3 November 2022,[251]
Cayman Islands,Aa3,Stable,8 June 2023,[252]
Chile,A2,Stable,15 September 2022,[253]
China,A1,Negative,5 December 2023,[254]
Colombia,Baa2,Stable,8 June 2023,[255]
Congo,Caa2,Stable,3 November 2023,[256]
Costa Rica,Ba3,Positive,18 September 2024,[257]
Cote d'Ivoire,Ba3,Positive,27 June 2022,[258]
Croatia,A3,Stable,7 November 2024,[259]
Cuba,Ca,Ratings withdrawn,18 November 2021,[260]
Cyprus,A3,Stable,22 November 2024,[261]
Czechia,Aa3,Stable,24 November 2023,[262]
Denmark,Aaa,Stable,11 February 2022,[263]
Dominican Republic,Ba3,Positive,10 August 2023,[264]
DR Congo,B3,Stable,11 November 2022,[265]
Ecuador,Caa3,Stable,27 February 2023,[266]
Egypt,Caa1,Negative,18 January 2024,[267]
El Salvador,B3,Stable,26 November 2024,[268]
Estonia,A1,Stable,29 April 2022,[269]
Eswatini,B3,Positive,1 December 2023,[270]
Ethiopia,Caa3,Stable,15 September 2023,[271]
Fiji,B1,Stable,7 October 2022,[272]
Finland,Aa1,Stable,29 July 2022,[273]
France,Aa3,Stable,14 December 2024,[274]
Gabon,Caa1,Negative,12 September 2023,[275]
Georgia,Ba2,Negative,28 April 2022,[276]
Germany,Aaa,Stable,10 February 2023,[277]
Ghana,Caa3,Stable,9 June 2023,[278]
Greece,Baa3,Stable,14 March 2025,[279]
Guatemala,Ba1,Stable,15 June 2022,[280]
Honduras,B1,Stable,3 October 2023,[281]
Hong Kong,Aa3,Negative,6 December 2023,[282]
Hungary,Baa2,Stable,1 September 2023,[283]
Iceland,A1,Stable,19 September 2024,[284]
India,Baa3,Stable,18 August 2023,[285]
Indonesia,Baa2,Stable,10 February 2022,[286]
Iraq,Caa1,Stable,24 November 2023,[287]
Ireland,Aa3,Stable,21 April 2023,[288]
Isle of Man,Aa3,Stable,27 October 2023,[289]
Israel,Baa1,Negative,27 September 2024,[290]
Italy,Baa3,Stable,17 November 2023,[291]
Jamaica,B1,Positive,18 October 2023,[292]
Japan,A1,Stable,8 November 2023,[293]
Jordan,B1,Positive,17 November 2022,[294]
Kazakhstan,Baa1,Positive,9 September 2024,[295]
Kenya,B3,Negative,28 July 2023,[296]
Kuwait,A1,Stable,26 May 2022,[297]
Kyrgyzstan,B3,Negative,17 October 2022,[298]
Latvia,A3,Stable,29 April 2022,[299]
Lebanon,C,Stable,13 December 2023,[300]
Lithuania,A2,Stable,29 April 2022,[301]
Luxembourg,Aaa,Stable,17 March 2023,[302]
Macao,Aa3,Negative,6 December 2022,[303]
Malaysia,A3,Stable,14 April 2023,[304]
Maldives,Caa2,Stable,11 September 2024,[305]
Mali,Caa2,Stable,9 September 2022,[306]
Malta,A2,Stable,18 November 2022,[307]
Mauritius,Baa3,Stable,28 July 2022,[308]
Mexico,Baa2,Stable,8 July 2022,[309]
Moldova,B3,Stable,18 August 2023,[310]
Mongolia,B3,Stable,14 February 2023,[311]
Montenegro,Ba3,Stable,27 September 2024,[312]
Morocco,Ba1,Stable,1 July 2022,[313]
Mozambique,Caa2,Stable,22 September 2023,[314]
Namibia,B1,Stable,5 April 2022,[315]
Netherlands,Aaa,Stable,27 January 2023,[316]
New Zealand,Aaa,Stable,21 April 2022,[317]
Nicaragua,B3,Stable,30 March 2022,[318]
Nigeria,Caa1,Positive,8 December 2023,[319]
Norway,Aaa,Stable,6 May 2022,[320]
Oman,Baa3,Stable,7 December 2023,[321]
Pakistan,Caa1,Positive,13 August 2025,[322]
Panama,Baa3,Stable,31 October 2023,[323]
Papua New Guinea,B2,Stable,10 November 2022,[324]
Paraguay,Baa3,Stable,26 July 2024,[325]
Peru,Baa1,Negative,31 January 2023,[326]
Philippines,Baa2,Stable,15 September 2022,[327]
Poland,A2,Stable,29 April 2022,[328]
Portugal,A3,Stable,17 November 2023,[329]
Qatar,Aa3,Positive,2 November 2022,[330]
Romania,Baa3,Stable,3 November 2023,[331]
Russia,Ca,Ratings withdrawn,6 March 2022,[332]
Rwanda,B2,Stable,8 September 2023,[333]
Saint Vincent and the Grenadines,B3,Stable,1 March 2022,[334]
Saudi Arabia,Aa3,Stable,22 November 2024,[335]
Senegal,Ba3,Stable,18 March 2022,[336]
Serbia,Ba2,Stable,8 September 2023,[337]
Singapore,Aaa,Stable,17 May 2022,[338]
Slovakia,A3,Stable,13 December 2024,[339]
Slovenia,A3,Stable,21 October 2022,[340]
South Africa,Ba2,Stable,1 April 2022,[341]
South Korea,Aa2,Stable,21 April 2022,[342]
Spain,A3,Positive,27 September 2025,[343]
Sri Lanka,Caa1,Positive,23 December 2024,[344]
Suriname,Caa3,Stable,17 February 2023,[345]
Sweden,Aaa,Stable,25 March 2022,[346]
Switzerland,Aaa,Stable,17 February 2023,[347]
Taiwan,Aa3,Stable,22 September 2022,[348]
Tajikistan,B3,Stable,12 October 2023,[349]
Thailand,Baa1,Stable,7 April 2022,[350]
Trinidad and Tobago,Ba2,Positive,10 July 2023,[351]
Tunisia,Caa1,Stable,28 February 2025,[352]
Turkey,B1,Positive,19 July 2024,[353]
Uganda,B2,Negative,18 November 2022,[354]
Ukraine,Ca,Stable,10 February 2023,[355]
United Arab Emirates,Aa2,Stable,21 March 2023,[356]
United Kingdom,Aa3,Stable,20 October 2023,[357]
United States,Aa1,Stable,16 May 2025,[358]
Uruguay,Baa1,Stable,15 March 2024,[359]
Uzbekistan,Ba3,Stable,20 January 2023,[360]
Venezuela,C,Ratings withdrawn,9 March 2018,[361]
Vietnam,Ba2,Stable,6 September 2022,[362]
Zambia,Caa3,Stable,21 October 2022,[363]
