Country/Territory,Rating,Outlook,Date
Austria,AA+,Negative,12 September 2025
Belgium,AA−,Negative,24 January 2025
Bulgaria,A−,Stable,11 July 2025
People's Republic of China,A,Stable,26 July 2024
Croatia,A−,Positive,26 September 2025
Cyprus,A−,Stable,25 October 2024
Czech Republic,AA−,Stable,19 September 2025
Denmark,AAA,Stable,1 August 2025
Estonia,A+,Stable,5 September 2025
Finland,AA+,Negative,1 August 2025
France,AA−,Negative,26 September 2025
Georgia,BB,Negative,10 January 2025
Germany,AAA,Stable,12 September 2025
Greece,BBB,Stable,6 December 2024
Hungary,BBB,Stable,8 November 2024
Ireland,AA,Stable,25 July 2025
Italy,BBB+,Stable,12 July 2024
Japan,A,Stable,28 February 2025
Latvia,A−,Stable,5 September 2025
Lithuania,A+,Stable,5 September 2025
Luxembourg,AAA,Stable,25 April 2025
Malta,A+,Stable,4 July 2025
Netherlands,AAA,Stable,12 September 2025
Norway,AAA,Stable,1 August 2025
Poland,A,Stable,13 June 2025
Portugal,A,Stable,22 November 2024
Romania,BBB−,Stable,1 March 2024
Serbia,BB+,Stable,27 June 2025
Slovakia,A,Negative,27 June 2025
Slovenia,A+,Stable,16 May 2025
South Africa,BB,Stable,1 August 2025
Spain,A,Stable,18 July 2025
Sweden,AAA,Stable,25 July 2025
Switzerland,AAA,Stable,4 October 2024
Turkey,BB−,Stable,6 December 2024
Ukraine,SD,,30 August 2024
United Kingdom,AA,Stable,28 March 2025
United States,AA,Negative,9 May 2025
