Country/Territory,Rating,Outlook,Date,Ref.
Albania,BB,Stable,21 March 2025,[3]
Andorra,A−,Positive,10 May 2024,[4]
Angola,B−,Stable,4 February 2022,[5]
Argentina,CCC,Stable,15 March 2024,[6]
Armenia,BB−,Stable,25 August 2023,[7]
Aruba,BBB,Stable,15 March 2021,[8]
Australia,AAA,Stable,6 June 2021,[9]
Austria,AA+,Stable,26 August 2022,[10]
Azerbaijan,BB+,Stable,22 January 2021,[11]
Bahamas,B+,Stable,12 November 2021,[12]
Bahrain,B+,Stable,24 November 2023,[13]
Bangladesh,BB−,Negative,24 July 2023,[10]
Barbados,B−,Positive,26 October 2023,[14]
Belgium,AA,Stable,28 February 2014,[10]
Belize,B−,Stable,9 November 2021,[15]
Benin,B+,Positive,20 October 2023,[16]
Bermuda,A+,Stable,28 April 2015,[10]
Bolivia,CCC+,Negative,22 November 2023,[17]
Bosnia and Herzegovina,B+,Stable,4 August 2023,[18]
Botswana,BBB+,Stable,17 September 2021,[19]
Brazil,BB,Stable,19 December 2023,[20]
Bulgaria,BBB+,Stable,10 July 2025,[21]
Burkina Faso,CCC+,Stable,26 January 2022,[22]
Cabo Verde,B−,Stable,19 February 2021,[10]
Cameroon,B−,Stable,22 March 2024,[10]
Canada,AAA,Stable,29 July 2002,[10]
Chad,B−,,28 October 2024,[10]
Chile,A,Negative,19 October 2023,[23]
China,A+,Stable,21 September 2017,[24]
Colombia,BB+,Negative,19 May 2021,[20]
Cook Islands,B+,Stable,11 November 2020,[10]
Costa Rica,BB−,Stable,27 October 2023,[25]
Côte d'Ivoire,BB−,Stable,6 July 2021,[26]
Croatia,A−,Positive,13 September 2024,[27]
Curacao,BBB−,Stable,22 February 2022,[28]
Cyprus,A−,Stable,13 December 2024,[29]
Czechia,AA−,Stable,24 August 2011,[10]
Democratic Republic of the Congo,B−,Stable,28 January 2022,[30]
Denmark,AAA,Stable,27 February 2001,[10]
Dominican Republic,BB,Stable,19 December 2022,[31]
Ecuador,B−,Negative,1 September 2020,[20]
Egypt,B−,Stable,20 October 2023,[32]
El Salvador,B−,Stable,7 November 2023,[33]
Estonia,A+,Negative,1 June 2024,[34]
Ethiopia,SD,,15 December 2023,[35]
Falkland Islands,A+,Stable,22 September 2021,[20]
Fiji,B+,Stable,22 September 2021,[36]
Finland,AA+,Stable,16 September 2016,[10]
France,AA−,Negative,30 May 2025,[37]
Georgia,BB,Stable,25 February 2022,[38]
Germany,AAA,Stable,13 January 2012,[10]
Ghana,SD,,20 December 2022,[39]
Greece,BBB,Stable,18 April 2025,[40]
Guatemala,BB+,Stable,28 September 2025,[41]
Guernsey,A+,Stable,13 January 2023,[10]
Honduras,BB−,Stable,29 September 2023,[10]
Hong Kong,AA+,Stable,21 September 2017,[42]
Hungary,BBB−,Stable,27 January 2023,[43]
Iceland,A+,Stable,10 November 2023,[44]
India,BBB,Stable,14 August 2025,[45]
Indonesia,BBB,Stable,27 April 2022,[46]
Iraq,B−,Stable,17 February 2023,[47]
Ireland,AA,Stable,19 May 2023,[48]
Israel,A,Negative,1 October 2024,[49]
Italy,BBB+,Stable,11 April 2025,[50]
Jamaica,BB−,Stable,13 September 2023,[51]
Japan,A+,Stable,9 June 2020,[52]
Jersey,AA−,Stable,16 January 2021,[53]
Jordan,B+,Stable,20 October 2017,[54]
Kazakhstan,BBB−,Stable,3 March 2023,[55]
Kenya,B−,Stable,23 August 2024,[10]
Kuwait,A+,Stable,15 July 2022,[56]
Latvia,A,Stable,31 May 2024,[57]
Lebanon,SD,,11 March 2020,[58]
Liechtenstein,AAA,Stable,26 February 2016,[10]
Lithuania,A,Stable,31 May 2024,[59]
Luxembourg,AAA,Stable,14 January 2013,[10]
Madagascar,B−,Stable,7 April 2023,[10]
Malaysia,A−,Stable,27 June 2022,[60]
Malta,A−,Stable,13 March 2020,[61]
Mauritius,BBB−,Stable,21 July 2023,[62]
Mexico,BBB,Stable,6 July 2022,[10]
Mongolia,B,Stable,9 November 2018,[63]
Montenegro,B+,Stable,30 August 2024,[64]
Montserrat,BBB−,Stable,2 September 2011,[10]
Morocco,BBB−,Stable,26 September 2025,[65]
Mozambique,CCC+,Stable,22 November 2019,[66]
Netherlands,AAA,Stable,20 November 2015,[10]
New Zealand,AA+,Stable,21 February 2021,[67]
Nicaragua,B,Stable,25 October 2022,[10]
Nigeria,B−,Stable,4 August 2023,[68]
North Macedonia,BB−,Stable,24 May 2013,[10]
Norway,AAA,Stable,8 November 1990,[69]
Oman,BB+,Stable,29 September 2023,[10]
Pakistan,B−,Stable,24 July 2025,[70]
Panama,BB+,Negative,7 November 2023,[71]
Papua New Guinea,B−,Stable,3 June 2021,[20]
Paraguay,BB,Stable,15 June 2016,[10]
Peru,BBB,Negative,12 December 2022,[72]
Philippines,BBB+,Stable,30 April 2019,[73]
Poland,A−,Stable,12 October 2018,[10]
Portugal,A+,Stable,29 August 2025,[74]
Qatar,AA,Stable,4 November 2022,[75]
Republic of the Congo,B−,Stable,28 July 2023,[10]
Romania,BBB−,Stable,16 April 2021,[10]
Rwanda,B+,Stable,27 January 2023,[76]
Saint Helena,BBB−,Stable,31 March 2023,[77]
Saudi Arabia,A+,Stable,15 March 2025,[78]
Senegal,B+,Stable,6 December 2019,[79]
Serbia,BBB−,Stable,4 October 2024,[80]
Singapore,AAA,Stable,6 March 1995,[81]
Slovakia,A+,Negative,25 April 2025,[82]
Slovenia,AA,Stable,6 June 2025,[83]
South Africa,BB−,Stable,8 March 2023,[84]
South Korea,AA,Stable,7 August 2016,[85]
Spain,A+,Stable,12 September 2025,[10]
Sri Lanka,SD,,25 April 2022,[86]
Suriname,CCC+,Stable,6 December 2023,[10]
Sweden,AAA,Stable,16 February 2004,[10]
Switzerland,AAA,Stable,26 June 1989,[10]
Taiwan,AA+,Stable,29 April 2022,[87]
Tajikistan,B,Stable,16 August 2024,[10]
Thailand,BBB+,Stable,13 April 2020,[88]
Togo,B,Positive,13 September 2024,[10]
Trinidad and Tobago,BBB−,Stable,21 July 2022,[89]
Turkey,BB−,Stable,1 November 2024,[90]
Turks and Caicos Islands,A−,Stable,26 February 2025,[10]
Uganda,B−,Stable,9 December 2022,[20]
Ukraine,SD,,2 August 2024,[91]
United Arab Emirates,AA,Stable,21 March 2025,[92]
United Kingdom,AA,Stable,21 April 2023,[93]
United States,AA+,Stable,18 August 2025,[10]
Uruguay,BBB+,Stable,26 April 2023,[94]
Uzbekistan,BB−,Stable,4 June 2021,[95]
Vietnam,BB+,Stable,26 May 2022,[10]
Zambia,SD,,21 October 2020,[10]
