Country,Details
Afghanistan,
Algeria,
Antigua and Barbuda,
Bhutan,
Brunei Darussalam,
Burundi,
Central African Republic,
Chad,
Comoros,
Djibouti,
Dominica,
Equatorial Guinea,
Eritrea,
Gambia,Fitch suspended Gambia's credit rating after its only traded international bond expired[369]
Guinea,
Guinea-Bissau,
Guyana,
Haiti,
Iran,Fitch has withdrawn all ratings for Iran following the maturity and full repayment of the last outstanding sovereign eurobond on 21 April 2008.[370]
Kiribati,
Liberia,
Libya,Fitch has withdrawn all ratings for Libya because it does not have enough information to maintain coverage of the issuer.[371]
Malawi,
Mali,"Mali was given a credit rating in 2004 as part of a UN development initiative,[372] but the rating was later withdrawn.[373]"
Marshall Islands,
Mauritania,
Monaco,
Myanmar,
Nauru,
Niger,
North Korea,
Palau,
Saint Kitts and Nevis,
Saint Lucia,
Samoa,
Sao Tome and Principe,
Sierra Leone,
Solomon Islands,
Somalia,
Syria,
Timor Leste,
Tonga,
Tuvalu,
Vanuatu,
Yemen,
Zimbabwe,
